id,type
862,film
1048,film
998,film
671,film
9136,film
628,film
1047,film
936,film
299113,film
9509,film
179,film
837,film
1039,film
187,film
583390,film
1089,film
500891,film
464256,film
702,film
825,film
32225,film
1065,film
37309,film
487211,film
137747,film
459974,film
1211,film
31864,film
468296,film
1470,film
1163,film
836,film
31413,film
1019,film
123383,film
40252,film
476580,film
1020,film
124613,film
620541,film
189,film
236351,film
1093,film
6878,film
2,film
259945,film
420136,film
426597,film
11841,film
217801,film
30633,film
375629,film
426062,film
5355,film
31451,film
136005,film
1236,film
1262,film
208,film
297829,film
38887,film
37889,film
1052,film
694378,film
526137,film
32014,film
1033,film
1222,film
124119,film
98590,film
529,film
343217,film
98586,film
21,film
565637,film
123697,film
1502,film
4833,film
698847,film
111532,film
30701,film
843,film
108931,film
1275,film
695409,film
118442,film
32362,film
882,film
30571,film
5158,film
180040,film
1046,film
203657,film
539270,film
163597,film
31831,film
107404,film
240046,film
465818,film
548252,film
250272,film
33200,film
200092,film
259289,film
34282,film
1002,film
6721,film
567127,film
1090,film
95746,film
514675,film
401089,film
507169,film
586583,film
121760,film
896,film
31419,film
106376,film
122541,film
623761,film
658802,film
504776,film
506803,film
107535,film
989,film
661817,film
31416,film
1326,film
372601,film
62,film
208687,film
4258,film
476021,film
506756,film
144,film
691862,film
104541,film
876,film
469867,film
103907,film
74,film
371515,film
112584,film
731541,film
7656,film
8823,film
37311,film
1092,film
810167,film
715533,film
714192,film
506934,film
210898,film
656040,film
202908,film
439584,film
556864,film
32359,film
191945,film
539509,film
491118,film
11843,film
759,film
580801,film
1212,film
38377,film
396969,film
130130,film
399746,film
9695,film
462441,film
399328,film
627599,film
844,film
809630,film
980,film
97112,film
99390,film
331014,film
519960,film
644005,film
191345,film
657859,film
680709,film
238725,film
767406,film
1237,film
451244,film
1008,film
113008,film
142402,film
36447,film
725816,film
734,film
1075,film
181220,film
718819,film
525,film
681825,film
107996,film
5421,film
475202,film
107101,film
269102,film
7738,film
32302,film
772,film
107642,film
528258,film
293878,film
7585,film
547,film
4545,film
127025,film
439908,film
723550,film
1210,film
3690,film
30588,film
703836,film
1029,film
467091,film
118497,film
104454,film
11726,film
1507,film
681141,film
449935,film
644432,film
106408,film
6531,film
662242,film
1321,film
4340,film
646395,film
95492,film
643366,film
619201,film
1216,film
564230,film
231725,film
94745,film
107855,film
34582,film
609699,film
520,film
5507,film
5994,film
845,film
10682,film
8625,film
671051,film
33128,film
470384,film
8586,film
630714,film
1035,film
1038,film
660,film
33404,film
686419,film
433913,film
632419,film
436704,film
564225,film
228227,film
651932,film
750258,film
594357,film
687712,film
491715,film
112761,film
312016,film
564694,film
464478,film
116327,film
31497,film
630798,film
697720,film
804561,film
736182,film
123312,film
32375,film
724694,film
752725,film
9,film
562509,film
732548,film
107377,film
1045,film
99027,film
992,film
616,film
1416,film
478702,film
624525,film
712896,film
682170,film
798143,film
1053,film
1318,film
1067,film
609966,film
97088,film
3673,film
571418,film
627100,film
609757,film
1213,film
1113,film
95747,film
330332,film
107049,film
200726,film
173500,film
557330,film
631979,film
33295,film
995,film
747433,film
419862,film
219933,film
38233,film
683180,film
1091,film
723705,film
10701,film
682272,film
5982,film
113329,film
325418,film
599595,film
1458,film
735683,film
125487,film
32380,film
629764,film
640318,film
8263,film
587175,film
418967,film
272177,film
1099,film
124098,film
1142,film
450915,film
624892,film
637247,film
1319,film
665,film
461432,film
613510,film
648982,film
626983,film
592843,film
606542,film
482376,film
611322,film
405077,film
808863,film
542576,film
105575,film
8790,film
375547,film
572639,film
5289,film
693758,film
286244,film
32049,film
637019,film
13,film
704026,film
736411,film
775970,film
544545,film
108083,film
713552,film
1104,film
10213,film
7603,film
305474,film
516,film
152844,film
5778,film
119514,film
1270,film
34888,film
484295,film
628262,film
744969,film
728144,film
271956,film
810402,film
849,film
754287,film
750026,film
622564,film
781,film
36365,film
103997,film
696433,film
558175,film
1068,film
7117,film
1221,film
298581,film
11673,film
666170,film
764039,film
34565,film
706209,film
523230,film
394398,film
459973,film
9641,film
587358,film
6722,film
104010,film
713103,film
122832,film
261979,film
272987,film
689545,film
483333,film
994,film
1013,film
80,film
1471,film
442004,film
816979,film
32358,film
1465,film
760429,film
655761,film
5103,film
629125,film
480762,film
1286,film
1049,film
221722,film
127272,film
9190,film
706142,film
318672,film
615202,film
577622,film
673946,film
707970,film
1096,film
654406,film
624792,film
30896,film
641,film
33996,film
31674,film
192901,film
658317,film
1024,film
249289,film
188513,film
750704,film
345957,film
563139,film
207851,film
121413,film
30630,film
746043,film
437710,film
749,film
485802,film
660451,film
546529,film
32,film
1238,film
34773,film
586390,film
614165,film
485620,film
239166,film
759367,film
772700,film
1253,film
776387,film
31568,film
752260,film
687674,film
779394,film
777,film
32226,film
108122,film
629224,film
574322,film
698144,film
670682,film
525620,film
630808,film
386028,film
698207,film
282892,film
7874,film
316686,film
32021,film
695659,film
139742,film
766551,film
8727,film
481963,film
146417,film
116,film
168,film
1100,film
33288,film
31091,film
736788,film
8269,film
31508,film
648849,film
8228,film
747,film
678251,film
33328,film
420435,film
1314,film
36,film
722146,film
560189,film
683,film
848,film
109483,film
219796,film
32599,film
547745,film
291383,film
125973,film
571114,film
119410,film
746114,film
905,film
712573,film
604523,film
200209,film
1094,film
751987,film
702950,film
566646,film
457545,film
1076,film
643176,film
685183,film
7961,film
489280,film
97,film
28,film
1063,film
1157,film
513794,film
599742,film
493475,film
257691,film
115059,film
260173,film
625680,film
571889,film
538,film
450356,film
790542,film
461734,film
757040,film
106112,film
491042,film
31279,film
461946,film
763312,film
273934,film
214307,film
493189,film
612189,film
520790,film
600541,film
133588,film
469476,film
208694,film
107590,film
442795,film
264772,film
617373,film
491960,film
245424,film
463952,film
531962,film
36042,film
614352,film
546975,film
1258,film
30671,film
111529,film
1257,film
627908,film
600590,film
463328,film
1315,film
762864,film
512263,film
119215,film
1036,film
671049,film
711,film
495616,film
525892,film
944,film
681,film
535756,film
1040,film
106415,film
556929,film
659676,film
201190,film
33393,film
1146,film
720886,film
650619,film
8824,film
31369,film
602026,film
1241,film
687215,film
702785,film
260505,film
594358,film
188890,film
550,film
32348,film
38575,film
530732,film
128710,film
714022,film
969,film
231584,film
107587,film
401436,film
817417,film
709353,film
494538,film
873,film
695281,film
519906,film
721,film
119847,film
738700,film
311443,film
418952,film
575916,film
34922,film
235470,film
731226,film
671577,film
349210,film
96849,film
624,film
104359,film
5293,film
756152,film
558960,film
30388,film
473111,film
505976,film
627415,film
751,film
499338,film
120103,film
694958,film
678,film
112,film
255725,film
11398,film
505014,film
1229,film
4313,film
610244,film
31686,film
530029,film
773236,film
1175,film
461504,film
8866,film
933,film
536768,film
221158,film
724371,film
11173,film
689459,film
612,film
32616,film
568216,film
1417,film
720204,film
31366,film
8712,film
614257,film
519774,film
1214,film
635084,film
818090,film
790309,film
730659,film
583309,film
539,film
714269,film
445353,film
305388,film
192133,film
718552,film
12137,film
694246,film
119046,film
186343,film
795912,film
644473,film
496917,film
172884,film
698051,film
756160,film
1027,film
515048,film
5166,film
682014,film
11783,film
1044,film
110812,film
702277,film
158,film
550879,film
133925,film
561957,film
607562,film
166528,film
759639,film
587177,film
297154,film
349590,film
105173,film
867,film
416984,film
1215,film
1454,film
704946,film
1169,film
31741,film
567009,film
663259,film
682011,film
746389,film
122242,film
104668,film
502884,film
36638,film
32413,film
107060,film
694062,film
150528,film
430661,film
106461,film
753545,film
200116,film
803179,film
8825,film
33340,film
657891,film
1042,film
316785,film
758,film
554812,film
290802,film
7,film
100562,film
105744,film
1233,film
334999,film
723658,film
693142,film
9183,film
620185,film
245950,film
38416,film
782196,film
707286,film
601499,film
699881,film
121936,film
631143,film
682889,film
1010,film
110751,film
106411,film
635169,film
760272,film
589952,film
8774,film
622318,film
1087,film
480036,film
816980,film
661776,film
555,film
464479,film
534779,film
595010,film
659803,film
34281,film
690291,film
31040,film
484297,film
324810,film
419050,film
565167,film
486822,film
541045,film
483796,film
599051,film
496469,film
296427,film
569908,film
107312,film
539594,film
655844,film
613320,film
728264,film
743496,film
1301,film
472866,film
278033,film
490838,film
714080,film
817420,film
593914,film
8673,film
1161,film
788923,film
10002817,film
688373,film
527134,film
835083,film
181525,film
8106,film
317089,film
580710,film
186906,film
98444,film
786410,film
465494,film
1159,film
9063,film
549085,film
782092,film
328812,film
5347,film
8427,film
538557,film
30428,film
702809,film
426598,film
136704,film
458789,film
558178,film
109907,film
9913,film
38301,film
728399,film
4713,film
220402,film
547189,film
763134,film
514,film
224726,film
33392,film
627420,film
34199,film
648179,film
506891,film
744484,film
847,film
264735,film
433359,film
848823,film
719676,film
730844,film
584251,film
702937,film
1000,film
4794,film
726490,film
935,film
119724,film
33246,film
138713,film
30808,film
495313,film
1225,film
680342,film
984,film
33386,film
331608,film
690820,film
123921,film
582,film
726369,film
498675,film
696196,film
5933,film
714538,film
430851,film
1308,film
8515,film
465857,film
626318,film
1084,film
618823,film
728191,film
810357,film
118092,film
632382,film
731322,film
494774,film
736267,film
73,film
99445,film
629025,film
629445,film
821,film
704635,film
727,film
363042,film
8335,film
107974,film
1012,film
453958,film
30680,film
741135,film
971,film
738529,film
655878,film
219437,film
719889,film
95938,film
298590,film
629797,film
273584,film
505402,film
381328,film
622028,film
794705,film
402798,film
684356,film
1320,film
31745,film
836600,film
792243,film
653727,film
11979,film
494685,film
537275,film
537189,film
261650,film
570991,film
506212,film
745754,film
7705,film
705791,film
196929,film
467482,film
1192,film
765212,film
838872,film
883,film
527141,film
501993,film
686639,film
106128,film
95825,film
559065,film
475848,film
130508,film
31740,film
96128,film
7664,film
789687,film
335332,film
486130,film
776316,film
253995,film
293175,film
32365,film
798782,film
33184,film
522827,film
649608,film
1085,film
501455,film
1178,film
489066,film
897,film
538720,film
676339,film
285624,film
475937,film
1031,film
4357,film
534,film
205,film
341466,film
137,film
557619,film
741981,film
831653,film
700817,film
1324,film
973,film
6854,film
536242,film
645955,film
1488,film
865,film
624742,film
420755,film
487684,film
209978,film
1430,film
729157,film
1001,film
789869,film
818017,film
143804,film
725060,film
140459,film
753715,film
587324,film
616141,film
558709,film
6001,film
694545,film
31654,film
901,film
6938,film
120749,film
817414,film
185752,film
31042,film
4095,film
32135,film
375721,film
107552,film
473563,film
261959,film
34655,film
31868,film
107310,film
11306,film
736623,film
1480,film
129,film
9308,film
93644,film
602101,film
544006,film
894,film
559840,film
774747,film
1037,film
5185,film
214272,film
639024,film
607122,film
787309,film
479892,film
209658,film
519227,film
656595,film
583649,film
748293,film
483446,film
705248,film
592775,film
714087,film
8939,film
583064,film
35914,film
667242,film
562954,film
693177,film
719066,film
5333,film
625896,film
680413,film
1231,film
508796,film
30585,film
53,film
722780,film
522,film
680642,film
1283,film
536312,film
666735,film
30650,film
662836,film
755384,film
238851,film
11900,film
887,film
190020,film
470880,film
537177,film
625417,film
742862,film
568225,film
868,film
15,film
651443,film
96506,film
520943,film
630,film
776169,film
678523,film
501864,film
436696,film
636531,film
589666,film
756406,film
31750,film
565372,film
717250,film
757444,film
714492,film
479704,film
684721,film
755620,film
3691,film
696637,film
726430,film
490328,film
1058,film
467339,film
740444,film
544627,film
665400,film
38313,film
808437,film
655740,film
517114,film
490321,film
397071,film
512873,film
757778,film
698647,film
1200,film
139825,film
547000,film
802930,film
98163,film
411302,film
206047,film
736421,film
180280,film
8858,film
712,film
208060,film
5742,film
805637,film
617120,film
481898,film
1218,film
31866,film
651830,film
716514,film
842452,film
771035,film
190290,film
835469,film
31670,film
699,film
654721,film
123444,film
5188,film
487478,film
124382,film
540501,film
532614,film
8171,film
156466,film
391528,film
4287,film
34656,film
608184,film
853675,film
32383,film
4382,film
204585,film
727968,film
757913,film
464212,film
741821,film
1498,film
8243,film
382375,film
551,film
1168,film
1317,film
609587,film
209977,film
229911,film
835486,film
254274,film
831,film
99403,film
30862,film
169179,film
671050,film
655221,film
31,film
37563,film
677512,film
743233,film
163903,film
401060,film
1073,film
902,film
462257,film
879,film
709349,film
95745,film
667468,film
521206,film
33597,film
545488,film
644064,film
548326,film
7194,film
107697,film
987,film
651383,film
4812,film
98572,film
652435,film
796158,film
665399,film
659080,film
1017,film
1162,film
1140,film
583006,film
31793,film
1272,film
664609,film
571031,film
181198,film
670003,film
36306,film
531,film
296270,film
443860,film
106414,film
7747,film
6059,film
1271,film
108134,film
295316,film
680870,film
659455,film
1466,film
10981,film
719148,film
260568,film
753355,film
520860,film
1217,film
465816,film
700243,film
564833,film
866641,film
441997,film
270617,film
1394,film
483087,film
602585,film
810503,film
597224,film
714149,film
795063,film
12068,film
583704,film
8820,film
30648,film
731317,film
734957,film
660758,film
557479,film
1143,film
608593,film
1501,film
668347,film
535786,film
468294,film
19,film
30830,film
630888,film
837168,film
4406,film
9078,film
11752,film
807622,film
4159,film
644817,film
688536,film
786678,film
792557,film
465594,film
451434,film
1018,film
743197,film
756278,film
579290,film
751121,film
1263,film
709355,film
453210,film
748224,film
6,film
1034,film
606582,film
36674,film
561856,film
1114,film
284374,film
224731,film
118733,film
119831,film
466637,film
740144,film
11580,film
748302,film
990,film
1313,film
118129,film
223469,film
134,film
658470,film
227981,film
543829,film
517573,film
672274,film
645255,film
622476,film
634647,film
643609,film
566131,film
668214,film
6916,film
797516,film
565162,film
427887,film
31335,film
676364,film
118644,film
701669,film
561010,film
33908,film
666828,film
573524,film
37511,film
478478,film
795758,film
1323,film
99120,film
437558,film
1158,film
5911,film
868478,film
1255,film
115214,film
628710,film
337532,film
739293,film
201801,film
322573,film
1118,film
37390,film
1422,film
1160,film
555859,film
203095,film
775228,film
568226,film
375640,film
544185,film
99,film
465240,film
924,film
754800,film
339949,film
32363,film
219972,film
5787,film
557897,film
732812,film
482581,film
93761,film
715007,film
125512,film
480582,film
807561,film
725200,film
657700,film
755281,film
95892,film
687690,film
200546,film
1055,film
433313,film
1290,film
430428,film
856901,film
349764,film
107466,film
31352,film
338318,film
530950,film
672544,film
700711,film
33008,film
691927,film
531431,film
1103,film
512784,film
567959,film
446373,film
711695,film
830631,film
242379,film
164171,film
663958,film
211364,film
546931,film
758909,film
613364,film
573372,film
493235,film
863,film
762881,film
549622,film
1234,film
280353,film
842425,film
648190,film
662081,film
714528,film
432908,film
554556,film
551232,film
639947,film
603172,film
338362,film
559895,film
664693,film
342997,film
212133,film
582365,film
763812,film
850261,film
674146,film
488197,film
240275,film
7714,film
532261,film
627,film
630833,film
35185,film
570380,film
875647,film
542342,film
137466,film
190369,film
31294,film
632560,film
698052,film
719,film
1028,film
646045,film
428468,film
568905,film
30587,film
216448,film
32735,film
318437,film
656831,film
568581,film
1508,film
559196,film
12228,film
9196,film
584455,film
419590,film
120986,film
5131,film
97041,film
665080,film
658833,film
701267,film
9191,film
696071,film
478458,film
627920,film
816982,film
425673,film
655048,film
792556,film
545796,film
99829,film
793838,film
643593,film
1108,film
742573,film
790375,film
11463,film
35129,film
482808,film
433650,film
1004,film
876242,film
166,film
124079,film
633150,film
688289,film
629392,film
491331,film
606190,film
34273,film
707441,film
37527,film
633853,film
592692,film
31212,film
109290,film
107833,film
376049,film
489730,film
738476,film
234006,film
507364,film
10069,film
33027,film
573838,film
540909,film
817462,film
644737,film
468065,film
503173,film
30831,film
799,film
184151,film
32268,film
213145,film
792452,film
504947,film
627751,film
32888,film
564462,film
164,film
453743,film
700190,film
710094,film
35915,film
34246,film
437158,film
638531,film
91,film
30762,film
138504,film
777456,film
616928,film
938,film
592905,film
197,film
209604,film
104077,film
735860,film
9740,film
30940,film
525889,film
1459,film
650236,film
9253,film
460220,film
742795,film
4303,film
636,film
258739,film
235793,film
107311,film
655615,film
607382,film
533535,film
271514,film
6288,film
214803,film
818016,film
297156,film
754536,film
424416,film
35798,film
186641,film
716498,film
817418,film
180058,film
504602,film
512,film
790398,film
747140,film
999,film
193450,film
470641,film
399213,film
34196,film
226856,film
707103,film
188708,film
34887,film
739057,film
1032,film
812823,film
564967,film
1309,film
99503,film
460941,film
777024,film
771723,film
32254,film
1185,film
32361,film
577958,film
462549,film
828206,film
111405,film
22,film
697470,film
375455,film
712145,film
736723,film
8718,film
632733,film
640446,film
634796,film
708601,film
684049,film
1189,film
109978,film
30641,film
500688,film
713737,film
196107,film
172596,film
448713,film
476192,film
254275,film
687079,film
562632,film
640445,film
119513,film
206486,film
321650,film
107694,film
559694,film
828339,film
618960,film
633,film
8103,film
1007,film
33334,film
8441,film
703,film
782237,film
95743,film
200968,film
463637,film
600964,film
317539,film
1266,film
143515,film
853834,film
4225,film
646509,film
5849,film
464040,film
95749,film
31985,film
111711,film
643796,film
39495,film
823007,film
220748,film
184532,film
734312,film
30963,film
492143,film
710202,film
756360,film
11710,film
1171,film
140851,film
285935,film
763048,film
741890,film
9072,film
724565,film
717427,film
1223,film
795520,film
836440,film
562264,film
723675,film
459569,film
637,film
654022,film
110687,film
124655,film
740,film
31278,film
809318,film
690058,film
750437,film
4074,film
1070,film
5955,film
111710,film
8692,film
34198,film
805204,film
792989,film
1117,film
464544,film
11316,film
322815,film
850,film
104321,film
1289,film
650890,film
1147,film
430867,film
627352,film
139160,film
35461,film
375872,film
502282,film
1495,film
585,film
143,film
1305,film
506388,film
566390,film
664,film
1069,film
599554,film
466314,film
106029,film
106214,film
785552,film
108150,film
190317,film
527837,film
587468,film
34204,film
8529,film
107555,film
779043,film
659015,film
654013,film
477990,film
31438,film
668815,film
763276,film
749910,film
5521,film
695696,film
684590,film
568255,film
9193,film
772623,film
275064,film
729996,film
32388,film
1088,film
580746,film
485474,film
509760,film
546202,film
491321,film
757545,film
779801,film
169032,film
6506,film
175197,film
558083,film
9352,film
780,film
752130,film
95742,film
4063,film
248045,film
325332,film
32700,film
652964,film
967,film
752976,film
104,film
94870,film
838524,film
536959,film
556990,film
225408,film
482807,film
91856,film
684901,film
568200,film
111,film
830289,film
322614,film
732,film
5409,film
259149,film
32595,film
1179,film
458791,film
836441,film
560109,film
651141,film
30700,film
271498,film
746547,film
1429,film
695452,film
545891,film
379766,film
10841,film
736953,film
123509,film
539042,film
299794,film
451241,film
8234,film
520698,film
219806,film
207816,film
657525,film
1107,film
34,film
856701,film
103489,film
5983,film
5319,film
841602,film
8105,film
686549,film
107553,film
814566,film
9192,film
589034,film
911,film
3808,film
257850,film
32495,film
550470,film
231549,film
695338,film
193460,film
114866,film
302429,film
1294,film
744749,film
479844,film
740066,film
804915,film
686778,film
32237,film
98823,film
118262,film
839870,film
31041,film
118567,film
586584,film
783195,film
3510,film
731997,film
655542,film
59,film
769844,film
582655,film
835816,film
1273,film
805947,film
723768,film
874065,film
97795,film
1022,film
166290,film
829444,film
7540,film
7801,film
501868,film
1177,film
807718,film
629035,film
6699,film
434046,film
227672,film
408412,film
366721,film
209288,film
606583,film
776170,film
1123,film
196074,film
376048,film
545895,film
38727,film
600374,film
463226,film
561418,film
541210,film
508839,film
836650,film
723832,film
807157,film
558565,film
108123,film
4828,film
216500,film
1462,film
740757,film
839407,film
1310,film
664974,film
629476,film
691078,film
664257,film
743459,film
659237,film
443101,film
443610,film
719690,film
11889,film
452679,film
840078,film
826763,film
490841,film
1060,film
121774,film
85,film
361622,film
99107,film
504,film
707107,film
323143,film
6647,film
605169,film
192,film
450904,film
659346,film
695003,film
399559,film
135596,film
123313,film
38601,film
950,film
382751,film
34923,film
34878,film
645341,film
484600,film
663115,film
834,film
655799,film
770408,film
781068,film
751753,film
472475,film
32581,film
737,film
472396,film
30670,film
627173,film
775006,film
484466,film
559,film
856764,film
1057,film
726089,film
833172,film
796891,film
5145,film
1252,film
425641,film
31546,film
459178,film
844342,film
485468,film
465839,film
628311,film
1424,film
612342,film
677753,film
11926,film
1112,film
738517,film
683854,film
3958,film
563280,film
527,film
478475,film
627333,film
537050,film
700241,film
743825,film
779,film
629779,film
1209,film
193505,film
544183,film
619857,film
255009,film
1066,film
32229,film
806077,film
120033,film
444424,film
123310,film
698878,film
686651,film
114960,film
462544,film
539161,film
1098,film
31340,film
754545,film
837523,film
187676,film
708554,film
98357,film
670316,film
458759,film
807555,film
113363,film
211209,film
563042,film
446445,film
242721,film
847549,film
9525,film
122,film
36639,film
712170,film
7386,film
997,film
539072,film
11165,film
32910,film
483509,film
31581,film
121727,film
603776,film
30689,film
1481,film
504129,film
654,film
676101,film
726200,film
595630,film
214369,film
650957,film
31277,film
1264,film
485856,film
139141,film
1423,film
8981,film
836119,film
505440,film
34692,film
661331,film
30393,film
490479,film
30668,film
603930,film
163603,film
663000,film
1285,film
336820,film
285742,film
642049,film
98534,film
69,film
10044,film
105898,film
145,film
1183,film
809774,film
839586,film
95376,film
597097,film
580478,film
119808,film
815978,film
33343,film
537460,film
510,film
449973,film
626816,film
659861,film
775769,film
513964,film
121935,film
775,film
850352,film
584069,film
712595,film
568289,film
662167,film
639250,film
572325,film
264516,film
259282,film
791088,film
788644,film
103488,film
875819,film
1086,film
4885,film
8547,film
1316,film
474708,film
663821,film
482468,film
509652,film
241195,film
10013300,film
76,film
41,film
682191,film
4102,film
9876,film
320377,film
700299,film
710264,film
34928,film
104413,film
1016,film
733879,film
772805,film
4115,film
794194,film
621676,film
203,film
597664,film
490881,film
467136,film
38796,film
106296,film
143194,film
791446,film
653,film
1496,film
559494,film
234467,film
564161,film
587143,film
114904,film
1041,film
601988,film
411786,film
732993,film
10998,film
708835,film
40436,film
334477,film
648250,film
9330,film
811694,film
690384,film
10039040,film
736746,film
816099,film
30990,film
467792,film
268238,film
492946,film
8182,film
906,film
726818,film
469365,film
613261,film
228118,film
7052,film
8619,film
195939,film
3789,film
133815,film
1126,film
96099,film
624224,film
789768,film
501766,film
776171,film
563822,film
338799,film
119676,film
322665,film
459266,film
433961,film
842792,film
35019,film
8093,film
7900,film
275070,film
624882,film
741189,film
38573,film
434753,film
375719,film
774850,film
94051,film
647176,film
833810,film
231551,film
401773,film
142672,film
219650,film
121,film
739462,film
31865,film
547977,film
836519,film
760082,film
720511,film
877306,film
121881,film
32598,film
449390,film
36750,film
1453,film
735770,film
34272,film
98529,film
765956,film
792498,film
204,film
666870,film
181354,film
291338,film
36307,film
190315,film
759564,film
669160,film
181052,film
797246,film
782949,film
646687,film
679854,film
34235,film
596202,film
30712,film
701567,film
33033,film
286816,film
370572,film
1145,film
5604,film
656289,film
717012,film
710829,film
593957,film
673404,film
1311,film
1312,film
752541,film
108799,film
475159,film
866093,film
400162,film
35176,film
503736,film
100640,film
1460,film
252645,film
30859,film
382525,film
736033,film
104183,film
836649,film
374034,film
709434,film
554,film
1155,film
816,film
475975,film
637408,film
517,film
633570,film
493700,film
1050,film
472258,film
737351,film
725324,film
643872,film
521,film
1455,film
110540,film
33361,film
395980,film
838708,film
719855,film
1030,film
484120,film
625065,film
557434,film
6853,film
1400,film
794466,film
683515,film
381854,film
118564,film
594155,film
655701,film
678657,film
687065,film
31888,film
33560,film
651613,film
128074,film
827264,film
320890,film
763053,film
551146,film
1452,film
603260,film
631256,film
1025,film
537546,film
518040,film
418956,film
737917,film
6857,film
558413,film
714387,film
31647,film
11500,film
147262,film
8011,film
30673,film
1505,film
33260,film
573935,film
32574,film
231795,film
186910,film
12164,film
722980,film
252299,film
296881,film
6718,film
98925,film
736150,film
394356,film
753082,film
256213,film
35393,film
114292,film
823960,film
32143,film
814,film
572703,film
31756,film
652252,film
509,film
767889,film
719462,film
119885,film
108474,film
547450,film
846413,film
869,film
674,film
700906,film
868631,film
723206,film
11798,film
1276,film
590762,film
955,film
947,film
385852,film
503386,film
645,film
608456,film
94325,film
710638,film
31897,film
572459,film
469780,film
772194,film
748574,film
467539,film
677880,film
807793,film
677578,film
11794,film
919,film
375787,film
451059,film
831520,film
495847,film
487915,film
9787,film
111540,film
555349,film
321622,film
188,film
727844,film
627511,film
842133,film
754841,film
807141,film
481607,film
1281,film
31652,film
632172,film
32141,film
119043,film
35,film
345700,film
734586,film
964,film
495247,film
542284,film
106410,film
644471,film
30720,film
322874,film
154526,film
686359,film
629789,film
652571,film
491609,film
7931,film
814945,film
825690,film
794885,film
857962,film
470442,film
638714,film
790350,film
31470,film
639536,film
768972,film
798,film
698186,film
11923,film
462258,film
817413,film
785620,film
11669,film
735452,film
496156,film
746246,film
562600,film
538571,film
708004,film
629133,film
463661,film
193980,film
576014,film
763603,film
31210,film
473314,film
9448,film
814592,film
853784,film
736976,film
777235,film
650399,film
846162,film
360916,film
30709,film
656778,film
787951,film
663039,film
9721,film
466475,film
118649,film
104189,film
511,film
7967,film
185,film
421524,film
32051,film
33382,film
463455,film
32378,film
282920,film
103959,film
765221,film
486005,film
35483,film
954,film
738846,film
557512,film
7851,film
104543,film
779305,film
214305,film
9289,film
391382,film
10016709,film
810142,film
480688,film
1003,film
487563,film
556174,film
263773,film
5228,film
494092,film
8801,film
812999,film
713232,film
477853,film
9062,film
112037,film
86,film
567936,film
842,film
514307,film
362598,film
388682,film
556934,film
526798,film
452084,film
32356,film
629688,film
803486,film
815535,film
860,film
680478,film
723738,film
3734,film
578577,film
127613,film
6732,film
694348,film
264080,film
417605,film
699039,film
190312,film
532942,film
664897,film
30625,film
637730,film
107881,film
269174,film
443327,film
478426,film
491360,film
96094,film
438099,film
99098,film
605096,film
32474,film
682966,film
760376,film
767724,film
797871,film
188392,film
214437,film
411063,film
32954,film
630993,film
573864,film
31685,film
666433,film
786774,film
530650,film
139,film
493609,film
993,film
106425,film
1220,film
754,film
30763,film
7292,film
803615,film
447667,film
8118,film
539302,film
697211,film
725820,film
1339,film
4788,film
763805,film
739982,film
698547,film
739210,film
105711,film
564186,film
10030489,film
11802,film
93473,film
817046,film
31273,film
625060,film
651592,film
30792,film
152444,film
5176,film
7981,film
1150,film
452824,film
317900,film
5711,film
207,film
35877,film
475684,film
702289,film
206479,film
662460,film
31008,film
106958,film
262355,film
10915,film
775220,film
5432,film
759290,film
392198,film
719245,film
4871,film
466366,film
444400,film
8770,film
837446,film
1327,film
195203,film
625386,film
536517,film
242114,film
298364,film
767915,film
434429,film
1111,film
991,film
236147,film
107901,film
16,film
822303,film
30768,film
834957,film
760651,film
107556,film
139428,film
654970,film
30707,film
451055,film
476276,film
507623,film
848506,film
660248,film
31258,film
10344,film
458309,film
581260,film
757223,film
11986,film
705613,film
871817,film
723477,film
1153,film
610178,film
671707,film
1043,film
788228,film
411099,film
732108,film
850377,film
458654,film
815,film
752978,film
610597,film
94738,film
9928,film
829070,film
176982,film
783759,film
33510,film
513277,film
703447,film
30591,film
1457,film
681639,film
4139,film
649905,film
625905,film
824632,film
7474,film
709335,film
723027,film
795665,film
766956,film
561591,film
808132,film
129528,film
5661,film
638081,film
32401,film
725346,film
474262,film
479701,film
687,film
837070,film
30634,film
723530,film
1467,film
557992,film
95748,film
786296,film
638866,film
569550,film
279217,film
775240,film
786080,film
427379,film
1196,film
755431,film
498798,film
898,film
8107,film
186828,film
6289,film
126171,film
33971,film
859721,film
162368,film
711933,film
848344,film
556038,film
671888,film
181469,film
672278,film
7958,film
829448,film
653607,film
915,film
571914,film
733405,film
625623,film
121109,film
763345,film
467785,film
601997,film
796602,film
854517,film
34636,film
6668,film
273355,film
12069,film
34665,film
10868,film
697469,film
679120,film
601849,film
783032,film
657155,film
209723,film
662224,film
31908,film
768001,film
31249,film
337325,film
30726,film
761773,film
480806,film
33075,film
539632,film
794796,film
485629,film
32350,film
637831,film
728477,film
837929,film
468198,film
548677,film
768719,film
673532,film
376957,film
536413,film
1288,film
478112,film
297047,film
183365,film
786615,film
31724,film
852533,film
734407,film
473987,film
493926,film
97581,film
116804,film
300339,film
539094,film
857506,film
631551,film
89044,film
174167,film
32142,film
714479,film
808108,film
716735,film
1297,film
829539,film
228143,film
497153,film
523002,film
10619,film
31093,film
693851,film
1381,film
104546,film
114510,film
476220,film
7352,film
34735,film
231336,film
1219,film
219794,film
583560,film
5941,film
8558,film
1170,film
10079,film
853563,film
261366,film
713171,film
30684,film
70,film
953,film
209668,film
5,film
701323,film
35065,film
178,film
797622,film
101752,film
5850,film
11838,film
637823,film
737449,film
726550,film
1267,film
228865,film
870411,film
716313,film
804562,film
203332,film
370628,film
30522,film
394386,film
9194,film
703065,film
966,film
34562,film
766327,film
712446,film
714800,film
556399,film
11270,film
671554,film
698422,film
794645,film
337690,film
6009,film
775897,film
858070,film
340899,film
346814,film
9987,film
802419,film
729537,film
695453,film
720753,film
108588,film
774077,film
102154,film
576864,film
379398,film
9731,film
115058,film
783757,film
760045,film
566036,film
107660,film
8401,film
132,film
740249,film
568,film
748247,film
832178,film
30840,film
688520,film
253737,film
667028,film
1011,film
7780,film
705627,film
4319,film
167434,film
680572,film
104009,film
832426,film
54,film
107118,film
739473,film
396579,film
544699,film
866220,film
220751,film
687554,film
840545,film
31719,film
502797,film
9197,film
5276,film
30807,film
723372,film
596817,film
708511,film
255399,film
1204,film
701854,film
11662,film
6796,film
441998,film
317857,film
298736,film
156673,film
7693,film
32253,film
590595,film
829338,film
540786,film
1135,film
490965,film
107805,film
8762,film
1468,film
669566,film
34004,film
583507,film
507421,film
10411,film
725284,film
238728,film
753823,film
349500,film
395846,film
33543,film
682088,film
32704,film
704580,film
336437,film
30384,film
595351,film
781979,film
698728,film
6223,film
7626,film
8091,film
61,film
810602,film
782,film
9683,film
730099,film
32389,film
1074,film
569242,film
479915,film
701515,film
478167,film
506848,film
496833,film
30824,film
810192,film
32255,film
1278,film
504903,film
742627,film
684923,film
412640,film
779255,film
839995,film
468252,film
673091,film
537558,film
107554,film
136271,film
757814,film
30760,film
434009,film
847757,film
424981,film
465891,film
123510,film
58,film
300636,film
596286,film
246413,film
766875,film
808971,film
8370,film
33417,film
800118,film
530613,film
108548,film
109908,film
298834,film
489805,film
12048,film
669668,film
96274,film
796414,film
31291,film
290840,film
847598,film
629851,film
491155,film
31325,film
811509,film
104774,film
554803,film
212915,film
1230,film
32386,film
813880,film
1497,film
10015975,film
30907,film
765612,film
545486,film
346475,film
787473,film
1242,film
6883,film
657207,film
864985,film
8691,film
33076,film
721040,film
672723,film
98249,film
836375,film
674704,film
796933,film
693978,film
495689,film
658,film
841940,film
706430,film
775599,film
627478,film
812,film
112926,film
147688,film
704166,film
869679,film
4658,film
846,film
427821,film
560560,film
11717,film
684980,film
3486,film
700,film
847034,film
784749,film
94,film
8430,film
10021334,film
232992,film
1265,film
533274,film
628314,film
32140,film
174569,film
12075,film
491277,film
234459,film
959,film
413911,film
6733,film
797600,film
508038,film
878158,film
504239,film
35820,film
31130,film
331270,film
200684,film
9316,film
728436,film
121978,film
744,film
569166,film
275051,film
809085,film
490788,film
9680,film
652536,film
31693,film
856136,film
31417,film
498730,film
655158,film
668,film
583232,film
826154,film
275067,film
252752,film
6612,film
3933,film
1302,film
7120,film
873851,film
776064,film
11289,film
178603,film
794864,film
132767,film
508270,film
508270,film
727030,film
11054,film
31609,film
930,film
163608,film
796540,film
196558,film
931,film
733084,film
12032,film
640116,film
5269,film
742821,film
777179,film
810,film
813701,film
107858,film
425990,film
8199,film
805279,film
9334,film
858,film
223320,film
765557,film
465860,film
803764,film
951,film
343257,film
473122,film
221600,film
106416,film
1203,film
4915,film
489634,film
31644,film
704181,film
490840,film
34258,film
460047,film
108341,film
30788,film
562,film
746820,film
702087,film
10746,film
798827,film
191196,film
442915,film
864965,film
798331,film
508355,film
176653,film
34707,film
733392,film
211339,film
174600,film
31861,film
591,film
10000459,film
490878,film
4826,film
713093,film
325831,film
649564,film
732742,film
736002,film
842826,film
527261,film
353309,film
1195,film
835090,film
10362,film
767751,film
830296,film
857935,film
33571,film
118692,film
508039,film
90970,film
132451,film
759174,film
786679,film
636424,film
8686,film
651174,film
123954,film
35454,film
803482,film
3494,film
661633,film
7547,film
267899,film
690091,film
475132,film
32369,film
481330,film
685373,film
601855,film
3,film
484033,film
31374,film
508494,film
868024,film
4105,film
491798,film
811365,film
432419,film
3467,film
8148,film
32556,film
803491,film
37306,film
35982,film
567,film
34072,film
671333,film
875490,film
813,film
107365,film
629121,film
515362,film
524303,film
31445,film
262223,film
30695,film
108116,film
33319,film
527534,film
664884,film
790257,film
104547,film
804059,film
790359,film
35352,film
121967,film
772936,film
639844,film
452889,film
848389,film
30710,film
7986,film
730839,film
31038,film
555037,film
669147,film
31326,film
38605,film
601282,film
108159,film
11903,film
466716,film
231144,film
228503,film
866609,film
33969,film
687846,film
1432,film
108346,film
509758,film
804594,film
755466,film
624294,film
802456,film
784933,film
4081,film
652789,film
657170,film
10785,film
493635,film
484163,film
112036,film
216910,film
521911,film
91994,film
482800,film
615,film
40767,film
412033,film
30702,film
8773,film
763837,film
34397,film
395824,film
466930,film
682082,film
777205,film
479133,film
751893,film
779975,film
30481,film
775955,film
44,film
8086,film
772718,film
84,film
6139,film
127322,film
266532,film
314745,film
559816,film
768105,film
405527,film
525079,film
1300,film
1101,film
31636,film
8280,film
107579,film
32385,film
659452,film
114999,film
288207,film
644179,film
567609,film
9614,film
744327,film
744778,film
751495,film
260077,film
228145,film
10468,film
195202,film
504631,film
4376,film
246565,film
34021,film
627554,film
6919,film
6645,film
705273,film
9526,film
816104,film
684846,film
744056,film
548865,film
133046,film
254145,film
256595,film
5450,film
477273,film
336392,film
195,film
30704,film
374634,film
648127,film
707913,film
4160,film
823141,film
4792,film
258491,film
6031,film
348062,film
4231,film
679424,film
597949,film
808,film
829225,film
753119,film
972,film
782505,film
32442,film
639558,film
32400,film
217251,film
335872,film
816826,film
9225,film
31668,film
40692,film
12089,film
107995,film
30719,film
34317,film
8867,film
856965,film
466045,film
472390,film
108108,film
853600,film
118439,film
35184,film
30595,film
603978,film
666689,film
9567,film
558338,film
1023,film
795910,film
11226,film
757218,film
651341,film
743305,film
779862,film
31889,film
34639,film
720241,film
469370,film
716546,film
6222,film
564,film
737733,film
5848,film
805105,film
127323,film
100557,film
542409,film
450178,film
545,film
593984,film
9445,film
11920,film
809,film
644054,film
114295,film
765,film
119391,film
581986,film
867995,film
553,film
460239,film
108605,film
473041,film
824945,film
229424,film
395881,film
613,film
127996,film
501097,film
677,film
759409,film
10015,film
107972,film
639953,film
90607,film
259175,film
11996,film
34654,film
34890,film
791,film
467340,film
796435,film
671617,film
658043,film
719147,film
697132,film
804821,film
35151,film
34916,film
726013,film
323838,film
810070,film
505004,film
712371,film
6426,film
3476,film
570957,film
30865,film
850417,film
463601,film
483760,film
33325,film
5324,film
9418,film
107849,film
653414,film
6039,film
744328,film
204529,film
838709,film
1120,film
808106,film
559526,film
711852,film
529619,film
788703,film
893,film
747480,film
431046,film
6527,film
454005,film
181219,film
776042,film
618,film
776099,film
5532,film
521783,film
482288,film
10003754,film
803647,film
4648,film
807,film
750312,film
509843,film
715135,film
33599,film
4172,film
743045,film
784582,film
753698,film
34751,film
8176,film
622754,film
32228,film
502994,film
31126,film
804483,film
131195,film
827355,film
34626,film
645975,film
274455,film
779051,film
813528,film
447398,film
757770,film
974,film
115676,film
637875,film
31334,film
663,film
693053,film
646,film
666263,film
10026657,film
1248,film
479730,film
3456,film
4244,film
121828,film
630028,film
7846,film
701318,film
798289,film
10003481,film
1021,film
664469,film
803331,film
509402,film
648169,film
504675,film
743356,film
579478,film
109360,film
224961,film
10387,film
30649,film
32878,film
110814,film
31405,film
11956,film
6727,film
94359,film
3797,film
829669,film
11762,film
1181,film
645113,film
7429,film
31892,film
32274,film
6419,film
3772,film
715712,film
1333,film
597895,film
200370,film
766688,film
34393,film
538756,film
385777,film
643758,film
744496,film
363364,film
506883,film
842825,film
527752,film
422895,film
4056,film
565,film
32370,film
739951,film
548163,film
715659,film
1293,film
7895,film
107986,film
1227,film
556376,film
36043,film
3929,film
528324,film
669073,film
692469,film
30781,film
1077,film
181137,film
11387,film
540271,film
340187,film
494846,film
31917,film
871821,film
181460,film
8684,film
5851,film
32012,film
842763,film
31082,film
97026,film
10454,film
701,film
843072,film
92,film
4625,film
175588,film
757136,film
112989,film
1410,film
30631,film
432410,film
30692,film
6290,film
319682,film
110453,film
306965,film
232993,film
868390,film
755127,film
747142,film
651260,film
869059,film
544033,film
97131,film
9182,film
484627,film
679701,film
1083,film
497211,film
790360,film
365249,film
664117,film
10011953,film
6020,film
30629,film
103888,film
523620,film
785827,film
136832,film
32062,film
655591,film
33306,film
37335,film
104383,film
6876,film
31658,film
637907,film
566438,film
1291,film
12249,film
4093,film
67,film
692191,film
393102,film
760757,film
736144,film
827,film
31281,film
1137,film
30790,film
803,film
697341,film
826116,film
762289,film
132730,film
285542,film
601690,film
7517,film
583305,film
460044,film
774851,film
5998,film
801964,film
704,film
38614,film
222936,film
654292,film
800,film
7971,film
30991,film
448527,film
662494,film
766773,film
475377,film
418870,film
351528,film
788599,film
31351,film
697529,film
8911,film
1296,film
859586,film
627942,film
720282,film
1015,film
733211,film
31788,film
505298,film
752681,film
912,film
630823,film
8473,film
596084,film
683941,film
871,film
877,film
31610,film
632916,film
785826,film
489641,film
6692,film
361894,film
289277,film
1122,film
493898,film
333922,film
138858,film
104600,film
857724,film
761997,film
852,film
833,film
860225,film
217823,film
32064,film
5822,film
598657,film
617280,film
7972,film
245851,film
292598,film
494084,film
10001384,film
6923,film
11319,film
5311,film
35780,film
576938,film
125703,film
371690,film
643054,film
1062,film
682655,film
11123,film
715674,film
8295,film
252824,film
597971,film
710779,film
96204,film
108102,film
720565,film
625007,film
33141,film
809301,film
674638,film
624521,film
8301,film
31784,film
729146,film
751708,film
210137,film
618354,film
180,film
732440,film
132450,film
744774,film
107568,film
616092,film
541,film
119657,film
464231,film
778536,film
473520,film
559539,film
119659,film
1298,film
429713,film
269812,film
9088,film
599836,film
688,film
32008,film
750528,film
30417,film
875018,film
32054,film
7992,film
782776,film
775409,film
605001,film
11498,film
348154,film
506606,film
807159,film
502583,film
712488,film
108,film
207875,film
1205,film
692649,film
1109,film
260187,film
807268,film
678087,film
460812,film
433433,film
301175,film
866841,film
184439,film
809817,film
290713,film
38143,film
199,film
30860,film
9980,film
805,film
548767,film
33488,film
6663,film
30775,film
674539,film
119636,film
789623,film
848826,film
8025,film
453245,film
806,film
722566,film
648,film
718863,film
827130,film
474465,film
755268,film
793149,film
483174,film
106421,film
34935,film
172574,film
709351,film
258168,film
775775,film
537562,film
714005,film
8708,film
727187,film
204503,film
595547,film
762896,film
1284,film
32366,film
469573,film
832304,film
843004,film
1479,film
117108,film
877376,film
728595,film
644574,film
108993,film
106375,film
645355,film
363036,film
499222,film
814882,film
33114,film
32901,film
154964,film
690477,film
715836,film
697710,film
527776,film
11927,film
269974,film
341044,film
7630,film
839879,film
657675,film
857607,film
774566,film
33181,film
603781,film
730736,film
45,film
678631,film
9294,film
231721,film
450390,film
644408,film
9791,film
603080,film
9515,film
34959,film
808691,film
651356,film
7737,film
10006906,film
6842,film
9376,film
32492,film
430928,film
606938,film
518872,film
4560,film
262282,film
478366,film
874687,film
302192,film
5541,film
99031,film
607536,film
295207,film
8325,film
702438,film
718529,film
774,film
9181,film
174194,film
100143,film
637000,film
31860,film
177751,film
810625,film
36924,film
523259,film
689329,film
599050,film
31684,film
1503,film
588163,film
597615,film
32357,film
9939,film
143622,film
442563,film
11312,film
558939,film
801,film
23,film
348754,film
603082,film
11917,film
466092,film
30767,film
442793,film
1456,film
5904,film
672909,film
827778,film
31100,film
734556,film
10006727,film
830546,film
33350,film
9819,film
643855,film
1187,film
665908,film
242219,film
431889,film
651823,film
274451,film
8267,film
470402,film
32900,film
31017,film
830183,film
722202,film
558792,film
1419,film
623521,film
11679,film
321837,film
569,film
10006835,film
723633,film
9239,film
657658,film
563303,film
701517,film
442784,film
1105,film
98309,film
98182,film
1325,film
1436,film
34353,film
876864,film
428472,film
555043,film
1188,film
8982,film
692,film
289862,film
801052,film
383881,film
37513,film
4292,film
796,film
473044,film
10015105,film
461032,film
576640,film
774188,film
628786,film
31689,film
721672,film
837101,film
839987,film
33861,film
5183,film
737239,film
38640,film
575538,film
12077,film
100219,film
343448,film
108117,film
493377,film
190316,film
36174,film
491487,film
4827,film
30785,film
33149,film
724413,film
840401,film
478499,film
808305,film
849551,film
106154,film
739774,film
446657,film
593121,film
740626,film
505181,film
699976,film
31387,film
647735,film
123311,film
521416,film
744906,film
10026113,film
237705,film
228136,film
678591,film
618967,film
626291,film
629238,film
803186,film
105239,film
480366,film
33516,film
826832,film
621372,film
566529,film
708925,film
742155,film
522361,film
868880,film
8975,film
103062,film
237714,film
3448,film
163598,film
139957,film
195956,film
502441,film
655358,film
656677,film
692843,film
796989,film
743050,film
31407,film
93905,film
382383,film
124550,film
459291,film
849941,film
463351,film
1331,film
699641,film
128323,film
797588,film
813811,film
34857,film
804966,film
204528,film
152490,film
636044,film
828,film
119775,film
9844,film
804205,film
925,film
1235,film
538217,film
32011,film
8045,film
733425,film
31599,film
759866,film
787268,film
837100,film
669681,film
31263,film
149809,film
779211,film
908,film
804,film
31613,film
8022,film
4679,film
30717,film
5136,film
813571,film
593899,film
862168,film
10000569,film
221460,film
738554,film
622159,film
1245,film
34007,film
700687,film
662745,film
10030286,film
623660,film
31125,film
598628,film
204328,film
394018,film
262834,film
1110,film
472216,film
493647,film
806052,film
29,film
881,film
847413,film
5573,film
625402,film
31307,film
107319,film
164175,film
469509,film
495449,film
595004,film
417531,film
7606,film
451243,film
508028,film
621733,film
576175,film
31048,film
602339,film
789470,film
495951,film
32459,film
1450,film
775951,film
659323,film
103934,film
732758,film
30934,film
687198,film
783187,film
229421,film
11212,film
32236,film
572763,film
685538,film
107985,film
7949,film
11456,film
732561,film
1081,film
840805,film
9977,film
6820,film
229074,film
93111,film
11203,film
261756,film
168865,film
728758,film
7183,film
629520,film
745599,film
685110,film
794849,film
723653,film
7316,film
760093,film
214122,film
96,film
6775,film
176582,film
764224,film
169177,film
759238,film
468990,film
785700,film
9431,film
622009,film
156,film
742272,film
389424,film
34660,film
801978,film
104272,film
646707,film
119971,film
859440,film
33191,film
719906,film
557,film
572635,film
797,film
119243,film
865320,film
661745,film
104649,film
557396,film
190313,film
725817,film
9466,film
780556,film
1080,film
812781,film
564527,film
715668,film
6649,film
571011,film
119834,film
34022,film
31023,film
681561,film
598981,film
190719,film
691211,film
11470,film
720555,film
95272,film
563771,film
30696,film
763618,film
629795,film
125986,film
630988,film
732348,film
31921,film
232995,film
211366,film
852180,film
985,film
106342,film
301330,film
114883,film
337035,film
9508,film
30,film
6076,film
822280,film
829443,film
488821,film
812540,film
11815,film
9941,film
113222,film
811,film
736601,film
31657,film
773865,film
104387,film
845655,film
11418,film
9009,film
31792,film
118819,film
5127,film
7144,film
827074,film
765538,film
1127,film
729948,film
269746,film
587727,film
862867,film
5206,film
32022,film
977,film
921,film
31051,film
849412,film
496465,film
9953,film
670062,film
664486,film
8262,film
767273,film
1082,film
31881,film
536,film
818368,film
1240,film
807253,film
112732,film
107712,film
8995,film
348577,film
633417,film
33942,film
565952,film
664146,film
545023,film
1125,film
8071,film
37561,film
10773,film
868629,film
732428,film
693468,film
876884,film
220746,film
766683,film
32577,film
626934,film
486991,film
700019,film
51,film
802898,film
109508,film
754958,film
700242,film
823512,film
624231,film
8843,film
654140,film
200967,film
706297,film
1494,film
3625,film
438153,film
630088,film
655222,film
1128,film
96142,film
347509,film
419773,film
48,film
822,film
802,film
470207,film
796485,film
826077,film
603081,film
32169,film
306522,film
180490,film
156406,film
128907,film
34663,film
741097,film
606189,film
30861,film
843930,film
838093,film
791920,film
7803,film
706018,film
695454,film
674480,film
560009,film
691412,film
201235,film
768113,film
10016719,film
8415,film
538895,film
538895,film
30431,film
578,film
30639,film
537022,film
175,film
736373,film
246103,film
31027,film
113172,film
11756,film
31840,film
10003640,film
431006,film
726610,film
265892,film
712779,film
828798,film
94435,film
1277,film
547275,film
121965,film
691210,film
823437,film
665427,film
118680,film
11497,film
470457,film
470212,film
5246,film
161966,film
523829,film
9304,film
759548,film
10009831,film
493925,film
10029803,film
493807,film
7800,film
596988,film
35080,film
820155,film
486763,film
485716,film
859971,film
507609,film
530,film
119656,film
31349,film
587804,film
506,film
792285,film
419238,film
624773,film
479270,film
794921,film
856945,film
4381,film
34624,film
118708,film
10006,film
400788,film
8792,film
4447,film
509889,film
567860,film
112235,film
558111,film
475754,film
37556,film
5719,film
730901,film
345997,film
763051,film
807678,film
297655,film
10007247,film
8951,film
8112,film
107797,film
30791,film
968,film
629012,film
7773,film
633858,film
30793,film
8859,film
225461,film
480494,film
230925,film
11191,film
36922,film
814049,film
119749,film
807872,film
561006,film
142755,film
235677,film
31401,film
495511,film
10008947,film
271953,film
867501,film
353513,film
744250,film
6739,film
803872,film
30774,film
866839,film
399939,film
566501,film
133975,film
607936,film
119614,film
34218,film
771154,film
207667,film
451428,film
5308,film
395641,film
645653,film
110155,film
807767,film
603622,film
34074,film
795804,film
34876,film
6909,film
8117,film
813382,film
710551,film
759104,film
180762,film
555243,film
11228,film
843869,film
408323,film
788046,film
791875,film
6209,film
1304,film
350923,film
738870,film
157059,film
643321,film
336379,film
788329,film
750635,film
662085,film
627028,film
283651,film
483335,film
663735,film
791860,film
796753,film
781547,film
32858,film
298583,film
696413,film
10002949,film
106337,film
781007,film
567829,film
6855,film
4913,film
625832,film
31404,film
34316,film
4550,film
730128,film
712251,film
118690,film
650,film
11084,film
563978,film
607890,film
661015,film
706971,film
642,film
784774,film
616947,film
1006,film
681641,film
778264,film
108728,film
739097,film
36111,film
603315,film
200,film
151705,film
786279,film
31336,film
32367,film
7997,film
216502,film
11978,film
111346,film
10006528,film
763722,film
778153,film
